issuer,class,cusip,value_usd,shares,type,disc,pct
VANECK ETF TRUST,SEMICONDUCTR ETF,92189F676,2042716860,5327900,SH,SOLE,14.935790038607324
NVIDIA CORPORATION,COM,67066G104,1568257120,8992300,SH,SOLE,11.466669478055325
ORACLE CORP,COM,68389X105,1072873230,7293000,SH,SOLE,7.844557224304922
BROADCOM INC,COM,11135F101,1006247961,3251100,SH,SOLE,7.357411380191346
ADVANCED MICRO DEVICES INC,COM,007903107,969160863,4764100,SH,SOLE,7.086240607718623
BLOOM ENERGY CORP,COM CL A,093712107,878707930,6485408,SH,SOLE,6.424873365826757
SANDISK CORP,COM,80004C200,724363205,1140119,SH,SOLE,5.296346720109157
MICRON TECHNOLOGY INC,COM,595112103,583686168,1727700,SH,SOLE,4.267754491284358
COREWEAVE INC,COM CL A,21873S108,556073385,7177919,SH,SOLE,4.065857332972548
TAIWAN SEMICONDUCTOR MANUFAC,SPONSORED ADS,874039100,535110030,1583400,SH,SOLE,3.9125789834783404
ASML HLDG NV N Y REGISTRY,SHS,N07059210,494122503,374100,SH,SOLE,3.612889335117701
MICRON TECHNOLOGY INC,COM,595112103,422300000,1250000,SH,SOLE,3.0877427297015965
IREN LIMITED,ORDINARY SHARES,Q4982L109,401036064,11698835,SH,SOLE,2.9322666136967657
CORE SCIENTIFIC INC NEW,COM,21874A106,389086756,26008473,SH,SOLE,2.8448965239454864
SANDISK CORP,COM,80004C200,388764546,611900,SH,SOLE,2.8425406120701915
TAIWAN SEMICONDUCTOR MANUFAC,SPONSORED ADS,874039100,354847500,1050000,SH,SOLE,2.594548397532056
APPLIED DIGITAL CORP,COM NEW,038169207,319978118,13478438,SH,SOLE,2.3395929612079076
INTEL CORP,COM,458140100,159106302,3605400,SH,SOLE,1.1633420015396794
RIOT PLATFORMS INC,COM,767292105,142166413,11502137,SH,SOLE,1.0394821410099562
COREWEAVE INC,COM CL A,21873S108,140569315,1814500,SH,SOLE,1.027804594862381
CLEANSPARK INC,COM NEW,18452B209,104469943,12276139,SH,SOLE,0.7638558062291977
SOLARIS ENERGY INFRAS INC,COM CL A,83418M103,62474687,1105551,SH,SOLE,0.4567979175340583
BLOOM ENERGY CORP,COM CL A,093712107,55347665,408500,SH,SOLE,0.4046870712993358
T1 ENERGY INC,COM NEW,35834F104,43900000,10000000,SH,SOLE,0.32098485871157967
BITFARMS LTD,COM,09173B107,38757888,19875840,SH,SOLE,0.28338713447925346
BITDEER TECHNOLOGIES GROUP,CL A ORD SHS,G11448100,29751243,3439450,SH,SOLE,0.21753299614689914
POWER SOLUTIONS INTL INC,COM NEW,73933G202,26318424,432300,SH,SOLE,0.19243315738385983
CORNING INC,COM,219350105,21020962,154600,SH,SOLE,0.15369955620846207
WHITEFIBER INC,SHS,G96115103,20933016,1757600,SH,SOLE,0.15305651897875253
ADVANCED MICRO DEVICES INC,COM,007903107,20167643,99138,SH,SOLE,0.14746031979272387
BABCOCK &amp; WILCOX ENTERPRISES,COM,05614L209,19888791,1353900,SH,SOLE,0.1454214298195703
SHARONAI HOLDINGS INC,COM CL A  ADDED,778920306,18095535,796108,SH,SOLE,0.13230962973315363
PROPETRO HLDG CORP,COM,74347M108,13117423,910300,SH,SOLE,0.09591102889100285
VANECK ETF TRUST,SEMICONDUCTR ETF,92189F676,10332630,26950,SH,SOLE,0.07554937996968175
INTEL CORP,COM,458140100,8929441,202344,SH,SOLE,0.06528964368470128
TAIWAN SEMICONDUCTOR MANUFAC,SPONSORED ADS,874039100,7577853,22423,SH,SOLE,0.055407199875674704
INFOSYS LTD,SPONSORED ADR,456788108,6755000,500000,SH,SOLE,0.04939072256484557
HIVE DIGITAL TECHNOLOGIES LT,COM NEW,433921103,6443939,3391547,SH,SOLE,0.04711632914489835
ASML HLDG NV N Y REGISTRY,SHS,N07059210,6119405,4633,SH,SOLE,0.04474342481375704
MICRON TECHNOLOGY INC,COM,595112103,5865578,17362,SH,SOLE,0.04288751083352506
CORNING INC,COM,219350105,718330,5283,SH,SOLE,0.005252233566248041
NVIDIA CORPORATION,COM,67066G104,497912,2855,SH,SOLE,0.0036405971063963563
