ticker,issuer,q1_value_usd,q1_shares,px_at_fire,value_at_fire,adv_usd_21d,days_of_adv,last_bar,error
CORZ,CORE SCIENTIFIC INC NEW,389086756,26008473,21.809999465942383,567244782.2399769,204121003.74736786,2.778963319923864,2026-07-30,
PSIX,POWER SOLUTIONS INTL INC,26318424,432300,27.82999992370605,12030908.967018126,12768308.10623169,0.9422477016470436,2026-07-30,
RIOT,RIOT PLATFORMS INC,142166413,11502137,22.1200008392334,254427280.09297752,331169888.62991333,0.7682681573061231,2026-07-30,
CLSK,CLEANSPARK INC,104469943,12276139,14.539999961853027,178495060.59170246,260613249.8102188,0.6849040128300627,2026-07-30,
APLD,APPLIED DIGITAL CORP,319978118,13478438,27.96999931335449,376991901.60509104,574327065.7558441,0.656406295442389,2026-07-30,
WYFI,WHITEFIBER INC,20933016,1757600,26.25,46137000.0,77544727.99758911,0.5949727491652871,2026-07-30,
SMH,VANECK ETF TRUST,2053049490,5354850,538.9000244140625,2885728795.7336426,6510758231.25,0.4432246895427434,2026-07-30,
BE,BLOOM ENERGY CORP,934055595,6893908,207.1199951171875,1427866191.2983398,3381885511.8942266,0.42221009146420757,2026-07-30,
BTDR,BITDEER TECHNOLOGIES GROUP,29751243,3439450,11.100000381469728,38177896.31204606,95822148.90403748,0.39842454744236516,2026-07-30,
BW,BABCOCK &amp; WILCOX ENTERPRISES,19888791,1353900,9.470000267028809,12821433.361530304,36696596.68292999,0.34939025742118474,2026-07-30,
CRWV,COREWEAVE INC,696642700,8992419,73.9000015258789,664539777.8213425,1958803530.3741455,0.33925800495898156,2026-07-30,
IREN,IREN LIMITED,401036064,11698835,38.2599983215332,447597407.4638939,1615366598.5290527,0.27708719981673174,2026-07-30,
SHAZ,SHARONAI HOLDINGS INC,18095535,796108,48.77000045776367,38826187.52442932,140793124.19128418,0.2757676395594385,2026-07-30,
SEI,SOLARIS ENERGY INFRAS INC,62474687,1105551,51.27999877929688,56692653.93045045,214277135.1272583,0.26457631093854656,2026-07-30,
HIVE,HIVE DIGITAL TECHNOLOGIES LT,6443939,3391547,3.0,10174641.0,46053453.68895531,0.22093111775545546,2026-07-30,
ORCL,ORACLE CORP,1072873230,7293000,127.55999755859376,930295062.1948243,5079702460.995483,0.1831396758645017,2026-07-30,
TE,T1 ENERGY INC,43900000,10000000,4.269999980926514,42699999.80926514,234937366.13845825,0.18175056829444605,2026-07-30,
ASML,ASML HLDG NV N Y REGISTRY,500241908,378733,1651.43994140625,625454803.3286133,3549761045.5322266,0.1761963116125291,2026-07-30,
TSM,TAIWAN SEMICONDUCTOR MANUFAC,897535383,2655823,403.30999755859375,1071119967.6460571,6444600997.119142,0.1662042332992947,2026-07-30,
PUMP,PROPETRO HLDG CORP,13117423,910300,10.81999969482422,9849445.722198488,60984630.945682526,0.16150701528342676,2026-07-30,
AMD,ADVANCED MICRO DEVICES INC,989328506,4863238,485.3900146484375,2360567164.058838,14655335985.29663,0.16107219694090547,2026-07-30,
AVGO,BROADCOM INC,1006247961,3251100,387.8399963378906,1260906612.0941162,7915367964.550782,0.1592985465415032,2026-07-30,
SNDK,SANDISK CORP,1113127751,1752019,1279.9599609375,2242514170.801758,23269354371.75293,0.09637199790656781,2026-07-30,
NVDA,NVIDIA CORPORATION,1568755032,8995155,195.0399932861328,1754414970.807724,26421305878.30353,0.06640152378873909,2026-07-30,
MU,MICRON TECHNOLOGY INC,1011851746,2995062,874.6599731445312,2619660848.486206,40778474675.354004,0.06424126624013958,2026-07-30,
INTC,INTEL CORP,168035743,3807744,91.12999725341795,346999700.2617187,12049104788.069916,0.02879879512752605,2026-07-30,
INFY,INFOSYS LTD,6755000,500000,11.949999809265137,5974999.904632568,306340450.0,0.019504443192639328,2026-07-30,
GLW,CORNING INC,21739292,159883,135.22000122070312,21619379.455169678,2012272648.5671997,0.01074376251675604,2026-07-30,
BITF,BITFARMS LTD,38757888,19875840,,,,,,'NoneType' object is not subscriptable
